{"cameraMode":{"drawMode":0,"name":"Shaded","section":"Shading Mode"},"sceneLighting":false,"audioPlay":false,"sceneViewState":{"m_AlwaysRefresh":false,"showFog":true,"showSkybox":false,"showFlares":true,"showImageEffects":true,"showParticleSystems":true,"showVisualEffectGraphs":true,"m_FxEnabled":true},"in2DMode":false,"pivot":{"x":-2.554964065551758,"y":5.367066383361816,"z":3.7441654205322267},"rotation":{"x":-0.005773027427494526,"y":0.928593635559082,"z":-0.012930451892316342,"w":-0.37107720971107485},"size":31.409770965576173,"orthographic":false}